pdb,Ligand,Amino Acid,Sequence Number,Generic Number,Segment,Interaction,Interaction Slug,,,,summary,
4mbs,Maraviroc,Y,37,1.39x39,TM1,polar (hydrogen bond),polar_donor_protein,,,,4mbs,CCR5
,Maraviroc,Y,37,1.39x39,TM1,accessible,acc,,,,6aky,CCR5
,Maraviroc,Y,37,1.39x39,TM1,aromatic (edge-to-face),aro_ef_protein,,,,6akx,CCR5
,Maraviroc,W,86,2.60x60,TM2,hydrophobic,hyd,,,,3odu,CXCR4
,Maraviroc,W,86,2.60x60,TM2,accessible,acc,,,,5t1a,CCR2
,Maraviroc,Y,89,2.63x63,TM2,accessible,acc,,,,6gps,CCR2
,Maraviroc,T,105,3.29x29,TM3,accessible,acc,,,,6gpx,CCR2
,Maraviroc,Y,108,3.32x32,TM3,aromatic (edge-to-face),aro_ef_protein,,,,,
,Maraviroc,Y,108,3.32x32,TM3,accessible,acc,,,,,"**CCR7, CCR9 intracellular ligands only"
,Maraviroc,F,109,3.33x33,TM3,aromatic (face-to-edge),aro_fe_protein,,,,,***Missing CXCR4-CVX15 and CCR5-HIV
,Maraviroc,F,109,3.33x33,TM3,accessible,acc,,,,,
,Maraviroc,F,112,3.36x36,TM3,accessible,acc,,,,,
,Maraviroc,F,112,3.36x36,TM3,aromatic (face-to-edge),aro_fe_protein,,,,,
,Maraviroc,F,182,N/A,ECL2,accessible,acc,,,,,
,Maraviroc,K,191,5.35x36,TM5,accessible,acc,,,,UNIQUE:,GN ONLY
,Maraviroc,Q,194,5.38x39,TM5,accessible,acc,,,,1.39x39  ,1x27
,Maraviroc,T,195,5.39x40,TM5,polar (hydrogen bond),polar_donor_protein,,,,2.60x60  ,1x28
,Maraviroc,T,195,5.39x40,TM5,accessible,acc,,,,2.63x63  ,1x30
,Maraviroc,I,198,5.42x43,TM5,accessible,acc,,,,3.29x29  ,1x31
,Maraviroc,I,198,5.42x43,TM5,hydrophobic,hyd,,,,3.32x32  ,1x32
,Maraviroc,W,248,6.48x48,TM6,accessible,acc,,,,3.33x33  ,1x34
,Maraviroc,Y,251,6.51x51,TM6,polar (hydrogen bond),polar_acceptor_protein,,,,3.36x36,1x35
,Maraviroc,Y,251,6.51x51,TM6,accessible,acc,,,,5.35x36 ,1x39
,Maraviroc,L,255,6.55x55,TM6,hydrophobic,hyd,,,,5.38x39,2x60
,Maraviroc,L,255,6.55x55,TM6,accessible,acc,,,,5.39x40,2x61
,Maraviroc,T,259,6.59x59,TM6,accessible,acc,,,,5.42x43,2x63
,Maraviroc,T,259,6.59x59,TM6,polar (hydrogen bond),polar_donor_protein,,,,6.48x48,2x64
,Maraviroc,M,279,7.35x34,TM7,accessible,acc,,,,6.51x51  ,23x50
,Maraviroc,E,283,7.39x38,TM7,polar (charge-charge),polar_double_neg_protein,,,,6.55x55  ,3x25
,Maraviroc,E,283,7.39x38,TM7,accessible,acc,,,,6.59x59  ,3x28
,Maraviroc,T,284,7.40x39,TM7,accessible,acc,,,,7.35x34 ,3x29
,Maraviroc,M,287,7.43x42,TM7,accessible,acc,,,,7.39x38  ,3x32
6aky,"4,4-difluoro-N-[(1S)-3-{(3-exo)-3-[3-methyl-5-(propan-2-yl)-4H-1,2,4-triazol-4-yl]-8-azabicyclo[3.2.1]octan-8-yl}-1-(thiophen-3-yl)propyl]cyclohexane-1-carboxamide",L,33,1.35x35,TM1,accessible,acc,,,,7.40x39  ,3x33
,"4,4-difluoro-N-[(1S)-3-{(3-exo)-3-[3-methyl-5-(propan-2-yl)-4H-1,2,4-triazol-4-yl]-8-azabicyclo[3.2.1]octan-8-yl}-1-(thiophen-3-yl)propyl]cyclohexane-1-carboxamide",Y,37,1.39x39,TM1,accessible,acc,,,,7.43x42  ,3x36
,"4,4-difluoro-N-[(1S)-3-{(3-exo)-3-[3-methyl-5-(propan-2-yl)-4H-1,2,4-triazol-4-yl]-8-azabicyclo[3.2.1]octan-8-yl}-1-(thiophen-3-yl)propyl]cyclohexane-1-carboxamide",Y,37,1.39x39,TM1,aromatic (edge-to-face),aro_ef_protein,,,,1.35x35  ,4x61
,"4,4-difluoro-N-[(1S)-3-{(3-exo)-3-[3-methyl-5-(propan-2-yl)-4H-1,2,4-triazol-4-yl]-8-azabicyclo[3.2.1]octan-8-yl}-1-(thiophen-3-yl)propyl]cyclohexane-1-carboxamide",Y,37,1.39x39,TM1,polar (hydrogen bond),polar_donor_protein,,,,4.60x61  ,4x65
,"4,4-difluoro-N-[(1S)-3-{(3-exo)-3-[3-methyl-5-(propan-2-yl)-4H-1,2,4-triazol-4-yl]-8-azabicyclo[3.2.1]octan-8-yl}-1-(thiophen-3-yl)propyl]cyclohexane-1-carboxamide",W,86,2.60x60,TM2,aromatic (face-to-face),aro_ff,,,,45.52x52 ,45x50
,"4,4-difluoro-N-[(1S)-3-{(3-exo)-3-[3-methyl-5-(propan-2-yl)-4H-1,2,4-triazol-4-yl]-8-azabicyclo[3.2.1]octan-8-yl}-1-(thiophen-3-yl)propyl]cyclohexane-1-carboxamide",W,86,2.60x60,TM2,accessible,acc,,,,2.64x64  ,45x51
,"4,4-difluoro-N-[(1S)-3-{(3-exo)-3-[3-methyl-5-(propan-2-yl)-4H-1,2,4-triazol-4-yl]-8-azabicyclo[3.2.1]octan-8-yl}-1-(thiophen-3-yl)propyl]cyclohexane-1-carboxamide",Y,89,2.63x63,TM2,accessible,acc,,,,23.50x50,45x52
,"4,4-difluoro-N-[(1S)-3-{(3-exo)-3-[3-methyl-5-(propan-2-yl)-4H-1,2,4-triazol-4-yl]-8-azabicyclo[3.2.1]octan-8-yl}-1-(thiophen-3-yl)propyl]cyclohexane-1-carboxamide",T,105,3.29x29,TM3,accessible,acc,,,,3.28x28 ,5x36
,"4,4-difluoro-N-[(1S)-3-{(3-exo)-3-[3-methyl-5-(propan-2-yl)-4H-1,2,4-triazol-4-yl]-8-azabicyclo[3.2.1]octan-8-yl}-1-(thiophen-3-yl)propyl]cyclohexane-1-carboxamide",Y,108,3.32x32,TM3,aromatic (edge-to-face),aro_ef_protein,,,,45.50x50 ,5x39
,"4,4-difluoro-N-[(1S)-3-{(3-exo)-3-[3-methyl-5-(propan-2-yl)-4H-1,2,4-triazol-4-yl]-8-azabicyclo[3.2.1]octan-8-yl}-1-(thiophen-3-yl)propyl]cyclohexane-1-carboxamide",Y,108,3.32x32,TM3,accessible,acc,,,,45.51x51 ,5x40
,"4,4-difluoro-N-[(1S)-3-{(3-exo)-3-[3-methyl-5-(propan-2-yl)-4H-1,2,4-triazol-4-yl]-8-azabicyclo[3.2.1]octan-8-yl}-1-(thiophen-3-yl)propyl]cyclohexane-1-carboxamide",F,109,3.33x33,TM3,aromatic (face-to-edge),aro_fe_protein,,,,1.27x27  ,5x43
,"4,4-difluoro-N-[(1S)-3-{(3-exo)-3-[3-methyl-5-(propan-2-yl)-4H-1,2,4-triazol-4-yl]-8-azabicyclo[3.2.1]octan-8-yl}-1-(thiophen-3-yl)propyl]cyclohexane-1-carboxamide",F,109,3.33x33,TM3,accessible,acc,,,,7.36x35  ,6x48
,"4,4-difluoro-N-[(1S)-3-{(3-exo)-3-[3-methyl-5-(propan-2-yl)-4H-1,2,4-triazol-4-yl]-8-azabicyclo[3.2.1]octan-8-yl}-1-(thiophen-3-yl)propyl]cyclohexane-1-carboxamide",F,112,3.36x36,TM3,aromatic (face-to-edge),aro_fe_protein,,,,1.28x28  ,6x51
,"4,4-difluoro-N-[(1S)-3-{(3-exo)-3-[3-methyl-5-(propan-2-yl)-4H-1,2,4-triazol-4-yl]-8-azabicyclo[3.2.1]octan-8-yl}-1-(thiophen-3-yl)propyl]cyclohexane-1-carboxamide",F,112,3.36x36,TM3,accessible,acc,,,,1.30x30  ,6x55
,"4,4-difluoro-N-[(1S)-3-{(3-exo)-3-[3-methyl-5-(propan-2-yl)-4H-1,2,4-triazol-4-yl]-8-azabicyclo[3.2.1]octan-8-yl}-1-(thiophen-3-yl)propyl]cyclohexane-1-carboxamide",N,163,4.60x61,TM4,accessible,acc,,,,1.31x31 ,6x59
,"4,4-difluoro-N-[(1S)-3-{(3-exo)-3-[3-methyl-5-(propan-2-yl)-4H-1,2,4-triazol-4-yl]-8-azabicyclo[3.2.1]octan-8-yl}-1-(thiophen-3-yl)propyl]cyclohexane-1-carboxamide",S,180,45.52x52,ECL2,accessible,acc,,,,1.32x32  ,7x34
,"4,4-difluoro-N-[(1S)-3-{(3-exo)-3-[3-methyl-5-(propan-2-yl)-4H-1,2,4-triazol-4-yl]-8-azabicyclo[3.2.1]octan-8-yl}-1-(thiophen-3-yl)propyl]cyclohexane-1-carboxamide",F,182,N/A,ECL2,accessible,acc,,,,1.34x34  ,7x35
,"4,4-difluoro-N-[(1S)-3-{(3-exo)-3-[3-methyl-5-(propan-2-yl)-4H-1,2,4-triazol-4-yl]-8-azabicyclo[3.2.1]octan-8-yl}-1-(thiophen-3-yl)propyl]cyclohexane-1-carboxamide",K,191,5.35x36,TM5,accessible,acc,,,,2.61x61  ,7x36
,"4,4-difluoro-N-[(1S)-3-{(3-exo)-3-[3-methyl-5-(propan-2-yl)-4H-1,2,4-triazol-4-yl]-8-azabicyclo[3.2.1]octan-8-yl}-1-(thiophen-3-yl)propyl]cyclohexane-1-carboxamide",Q,194,5.38x39,TM5,accessible,acc,,,,3.25x25  ,7x38
,"4,4-difluoro-N-[(1S)-3-{(3-exo)-3-[3-methyl-5-(propan-2-yl)-4H-1,2,4-triazol-4-yl]-8-azabicyclo[3.2.1]octan-8-yl}-1-(thiophen-3-yl)propyl]cyclohexane-1-carboxamide",T,195,5.39x40,TM5,accessible,acc,,,,4.64x65  ,7x39
,"4,4-difluoro-N-[(1S)-3-{(3-exo)-3-[3-methyl-5-(propan-2-yl)-4H-1,2,4-triazol-4-yl]-8-azabicyclo[3.2.1]octan-8-yl}-1-(thiophen-3-yl)propyl]cyclohexane-1-carboxamide",T,195,5.39x40,TM5,polar (hydrogen bond),polar_donor_protein,,,,7.37x36 ,7x42
,"4,4-difluoro-N-[(1S)-3-{(3-exo)-3-[3-methyl-5-(propan-2-yl)-4H-1,2,4-triazol-4-yl]-8-azabicyclo[3.2.1]octan-8-yl}-1-(thiophen-3-yl)propyl]cyclohexane-1-carboxamide",I,198,5.42x43,TM5,accessible,acc,,,,,
,"4,4-difluoro-N-[(1S)-3-{(3-exo)-3-[3-methyl-5-(propan-2-yl)-4H-1,2,4-triazol-4-yl]-8-azabicyclo[3.2.1]octan-8-yl}-1-(thiophen-3-yl)propyl]cyclohexane-1-carboxamide",I,198,5.42x43,TM5,hydrophobic,hyd,,,,,
,"4,4-difluoro-N-[(1S)-3-{(3-exo)-3-[3-methyl-5-(propan-2-yl)-4H-1,2,4-triazol-4-yl]-8-azabicyclo[3.2.1]octan-8-yl}-1-(thiophen-3-yl)propyl]cyclohexane-1-carboxamide",W,248,6.48x48,TM6,accessible,acc,,,,,
,"4,4-difluoro-N-[(1S)-3-{(3-exo)-3-[3-methyl-5-(propan-2-yl)-4H-1,2,4-triazol-4-yl]-8-azabicyclo[3.2.1]octan-8-yl}-1-(thiophen-3-yl)propyl]cyclohexane-1-carboxamide",Y,251,6.51x51,TM6,polar (hydrogen bond),polar_acceptor_protein,,,,,
,"4,4-difluoro-N-[(1S)-3-{(3-exo)-3-[3-methyl-5-(propan-2-yl)-4H-1,2,4-triazol-4-yl]-8-azabicyclo[3.2.1]octan-8-yl}-1-(thiophen-3-yl)propyl]cyclohexane-1-carboxamide",Y,251,6.51x51,TM6,accessible,acc,,,,,
,"4,4-difluoro-N-[(1S)-3-{(3-exo)-3-[3-methyl-5-(propan-2-yl)-4H-1,2,4-triazol-4-yl]-8-azabicyclo[3.2.1]octan-8-yl}-1-(thiophen-3-yl)propyl]cyclohexane-1-carboxamide",L,255,6.55x55,TM6,hydrophobic,hyd,,,,,
,"4,4-difluoro-N-[(1S)-3-{(3-exo)-3-[3-methyl-5-(propan-2-yl)-4H-1,2,4-triazol-4-yl]-8-azabicyclo[3.2.1]octan-8-yl}-1-(thiophen-3-yl)propyl]cyclohexane-1-carboxamide",L,255,6.55x55,TM6,accessible,acc,,,,,
,"4,4-difluoro-N-[(1S)-3-{(3-exo)-3-[3-methyl-5-(propan-2-yl)-4H-1,2,4-triazol-4-yl]-8-azabicyclo[3.2.1]octan-8-yl}-1-(thiophen-3-yl)propyl]cyclohexane-1-carboxamide",T,259,6.59x59,TM6,accessible,acc,,,,,
,"4,4-difluoro-N-[(1S)-3-{(3-exo)-3-[3-methyl-5-(propan-2-yl)-4H-1,2,4-triazol-4-yl]-8-azabicyclo[3.2.1]octan-8-yl}-1-(thiophen-3-yl)propyl]cyclohexane-1-carboxamide",T,259,6.59x59,TM6,polar (hydrogen bond),polar_donor_protein,,,,,
,"4,4-difluoro-N-[(1S)-3-{(3-exo)-3-[3-methyl-5-(propan-2-yl)-4H-1,2,4-triazol-4-yl]-8-azabicyclo[3.2.1]octan-8-yl}-1-(thiophen-3-yl)propyl]cyclohexane-1-carboxamide",M,279,7.35x34,TM7,accessible,acc,,,,,
,"4,4-difluoro-N-[(1S)-3-{(3-exo)-3-[3-methyl-5-(propan-2-yl)-4H-1,2,4-triazol-4-yl]-8-azabicyclo[3.2.1]octan-8-yl}-1-(thiophen-3-yl)propyl]cyclohexane-1-carboxamide",E,283,7.39x38,TM7,polar (charge-charge),polar_double_neg_protein,,,,,
,"4,4-difluoro-N-[(1S)-3-{(3-exo)-3-[3-methyl-5-(propan-2-yl)-4H-1,2,4-triazol-4-yl]-8-azabicyclo[3.2.1]octan-8-yl}-1-(thiophen-3-yl)propyl]cyclohexane-1-carboxamide",E,283,7.39x38,TM7,accessible,acc,,,,,
,"4,4-difluoro-N-[(1S)-3-{(3-exo)-3-[3-methyl-5-(propan-2-yl)-4H-1,2,4-triazol-4-yl]-8-azabicyclo[3.2.1]octan-8-yl}-1-(thiophen-3-yl)propyl]cyclohexane-1-carboxamide",T,284,7.40x39,TM7,accessible,acc,,,,,
,"4,4-difluoro-N-[(1S)-3-{(3-exo)-3-[3-methyl-5-(propan-2-yl)-4H-1,2,4-triazol-4-yl]-8-azabicyclo[3.2.1]octan-8-yl}-1-(thiophen-3-yl)propyl]cyclohexane-1-carboxamide",M,287,7.43x42,TM7,accessible,acc,,,,,
6akx,"N-[(1S)-3-{(3-exo)-3-[3-methyl-5-(propan-2-yl)-4H-1,2,4-triazol-4-yl]-8-azabicyclo[3.2.1]octan-8-yl}-1-(thiophen-2-yl)propyl]cyclopentanecarboxamide",Y,37,1.39x39,TM1,polar (hydrogen bond),polar_donor_protein,,,,,
,"N-[(1S)-3-{(3-exo)-3-[3-methyl-5-(propan-2-yl)-4H-1,2,4-triazol-4-yl]-8-azabicyclo[3.2.1]octan-8-yl}-1-(thiophen-2-yl)propyl]cyclopentanecarboxamide",Y,37,1.39x39,TM1,accessible,acc,,,,,
,"N-[(1S)-3-{(3-exo)-3-[3-methyl-5-(propan-2-yl)-4H-1,2,4-triazol-4-yl]-8-azabicyclo[3.2.1]octan-8-yl}-1-(thiophen-2-yl)propyl]cyclopentanecarboxamide",W,86,2.60x60,TM2,accessible,acc,,,,,
,"N-[(1S)-3-{(3-exo)-3-[3-methyl-5-(propan-2-yl)-4H-1,2,4-triazol-4-yl]-8-azabicyclo[3.2.1]octan-8-yl}-1-(thiophen-2-yl)propyl]cyclopentanecarboxamide",W,86,2.60x60,TM2,aromatic (face-to-face),aro_ff,,,,,
,"N-[(1S)-3-{(3-exo)-3-[3-methyl-5-(propan-2-yl)-4H-1,2,4-triazol-4-yl]-8-azabicyclo[3.2.1]octan-8-yl}-1-(thiophen-2-yl)propyl]cyclopentanecarboxamide",Y,89,2.63x63,TM2,accessible,acc,,,,,
,"N-[(1S)-3-{(3-exo)-3-[3-methyl-5-(propan-2-yl)-4H-1,2,4-triazol-4-yl]-8-azabicyclo[3.2.1]octan-8-yl}-1-(thiophen-2-yl)propyl]cyclopentanecarboxamide",T,105,3.29x29,TM3,accessible,acc,,,,,
,"N-[(1S)-3-{(3-exo)-3-[3-methyl-5-(propan-2-yl)-4H-1,2,4-triazol-4-yl]-8-azabicyclo[3.2.1]octan-8-yl}-1-(thiophen-2-yl)propyl]cyclopentanecarboxamide",Y,108,3.32x32,TM3,aromatic (edge-to-face),aro_ef_protein,,,,,
,"N-[(1S)-3-{(3-exo)-3-[3-methyl-5-(propan-2-yl)-4H-1,2,4-triazol-4-yl]-8-azabicyclo[3.2.1]octan-8-yl}-1-(thiophen-2-yl)propyl]cyclopentanecarboxamide",Y,108,3.32x32,TM3,accessible,acc,,,,,
,"N-[(1S)-3-{(3-exo)-3-[3-methyl-5-(propan-2-yl)-4H-1,2,4-triazol-4-yl]-8-azabicyclo[3.2.1]octan-8-yl}-1-(thiophen-2-yl)propyl]cyclopentanecarboxamide",F,109,3.33x33,TM3,accessible,acc,,,,,
,"N-[(1S)-3-{(3-exo)-3-[3-methyl-5-(propan-2-yl)-4H-1,2,4-triazol-4-yl]-8-azabicyclo[3.2.1]octan-8-yl}-1-(thiophen-2-yl)propyl]cyclopentanecarboxamide",F,109,3.33x33,TM3,aromatic (face-to-edge),aro_fe_protein,,,,,
,"N-[(1S)-3-{(3-exo)-3-[3-methyl-5-(propan-2-yl)-4H-1,2,4-triazol-4-yl]-8-azabicyclo[3.2.1]octan-8-yl}-1-(thiophen-2-yl)propyl]cyclopentanecarboxamide",F,112,3.36x36,TM3,accessible,acc,,,,,
,"N-[(1S)-3-{(3-exo)-3-[3-methyl-5-(propan-2-yl)-4H-1,2,4-triazol-4-yl]-8-azabicyclo[3.2.1]octan-8-yl}-1-(thiophen-2-yl)propyl]cyclopentanecarboxamide",F,112,3.36x36,TM3,aromatic (face-to-edge),aro_fe_protein,,,,,
,"N-[(1S)-3-{(3-exo)-3-[3-methyl-5-(propan-2-yl)-4H-1,2,4-triazol-4-yl]-8-azabicyclo[3.2.1]octan-8-yl}-1-(thiophen-2-yl)propyl]cyclopentanecarboxamide",K,191,5.35x36,TM5,accessible,acc,,,,,
,"N-[(1S)-3-{(3-exo)-3-[3-methyl-5-(propan-2-yl)-4H-1,2,4-triazol-4-yl]-8-azabicyclo[3.2.1]octan-8-yl}-1-(thiophen-2-yl)propyl]cyclopentanecarboxamide",Q,194,5.38x39,TM5,accessible,acc,,,,,
,"N-[(1S)-3-{(3-exo)-3-[3-methyl-5-(propan-2-yl)-4H-1,2,4-triazol-4-yl]-8-azabicyclo[3.2.1]octan-8-yl}-1-(thiophen-2-yl)propyl]cyclopentanecarboxamide",T,195,5.39x40,TM5,accessible,acc,,,,,
,"N-[(1S)-3-{(3-exo)-3-[3-methyl-5-(propan-2-yl)-4H-1,2,4-triazol-4-yl]-8-azabicyclo[3.2.1]octan-8-yl}-1-(thiophen-2-yl)propyl]cyclopentanecarboxamide",I,198,5.42x43,TM5,accessible,acc,,,,,
,"N-[(1S)-3-{(3-exo)-3-[3-methyl-5-(propan-2-yl)-4H-1,2,4-triazol-4-yl]-8-azabicyclo[3.2.1]octan-8-yl}-1-(thiophen-2-yl)propyl]cyclopentanecarboxamide",I,198,5.42x43,TM5,hydrophobic,hyd,,,,,
,"N-[(1S)-3-{(3-exo)-3-[3-methyl-5-(propan-2-yl)-4H-1,2,4-triazol-4-yl]-8-azabicyclo[3.2.1]octan-8-yl}-1-(thiophen-2-yl)propyl]cyclopentanecarboxamide",W,248,6.48x48,TM6,accessible,acc,,,,,
,"N-[(1S)-3-{(3-exo)-3-[3-methyl-5-(propan-2-yl)-4H-1,2,4-triazol-4-yl]-8-azabicyclo[3.2.1]octan-8-yl}-1-(thiophen-2-yl)propyl]cyclopentanecarboxamide",Y,251,6.51x51,TM6,polar (hydrogen bond),polar_acceptor_protein,,,,,
,"N-[(1S)-3-{(3-exo)-3-[3-methyl-5-(propan-2-yl)-4H-1,2,4-triazol-4-yl]-8-azabicyclo[3.2.1]octan-8-yl}-1-(thiophen-2-yl)propyl]cyclopentanecarboxamide",Y,251,6.51x51,TM6,accessible,acc,,,,,
,"N-[(1S)-3-{(3-exo)-3-[3-methyl-5-(propan-2-yl)-4H-1,2,4-triazol-4-yl]-8-azabicyclo[3.2.1]octan-8-yl}-1-(thiophen-2-yl)propyl]cyclopentanecarboxamide",L,255,6.55x55,TM6,accessible,acc,,,,,
,"N-[(1S)-3-{(3-exo)-3-[3-methyl-5-(propan-2-yl)-4H-1,2,4-triazol-4-yl]-8-azabicyclo[3.2.1]octan-8-yl}-1-(thiophen-2-yl)propyl]cyclopentanecarboxamide",L,255,6.55x55,TM6,hydrophobic,hyd,,,,,
,"N-[(1S)-3-{(3-exo)-3-[3-methyl-5-(propan-2-yl)-4H-1,2,4-triazol-4-yl]-8-azabicyclo[3.2.1]octan-8-yl}-1-(thiophen-2-yl)propyl]cyclopentanecarboxamide",T,259,6.59x59,TM6,accessible,acc,,,,,
,"N-[(1S)-3-{(3-exo)-3-[3-methyl-5-(propan-2-yl)-4H-1,2,4-triazol-4-yl]-8-azabicyclo[3.2.1]octan-8-yl}-1-(thiophen-2-yl)propyl]cyclopentanecarboxamide",M,279,7.35x34,TM7,accessible,acc,,,,,
,"N-[(1S)-3-{(3-exo)-3-[3-methyl-5-(propan-2-yl)-4H-1,2,4-triazol-4-yl]-8-azabicyclo[3.2.1]octan-8-yl}-1-(thiophen-2-yl)propyl]cyclopentanecarboxamide",E,283,7.39x38,TM7,polar (charge-charge),polar_double_neg_protein,,,,,
,"N-[(1S)-3-{(3-exo)-3-[3-methyl-5-(propan-2-yl)-4H-1,2,4-triazol-4-yl]-8-azabicyclo[3.2.1]octan-8-yl}-1-(thiophen-2-yl)propyl]cyclopentanecarboxamide",E,283,7.39x38,TM7,accessible,acc,,,,,
,"N-[(1S)-3-{(3-exo)-3-[3-methyl-5-(propan-2-yl)-4H-1,2,4-triazol-4-yl]-8-azabicyclo[3.2.1]octan-8-yl}-1-(thiophen-2-yl)propyl]cyclopentanecarboxamide",T,284,7.40x39,TM7,accessible,acc,,,,,
,"N-[(1S)-3-{(3-exo)-3-[3-methyl-5-(propan-2-yl)-4H-1,2,4-triazol-4-yl]-8-azabicyclo[3.2.1]octan-8-yl}-1-(thiophen-2-yl)propyl]cyclopentanecarboxamide",M,287,7.43x42,TM7,accessible,acc,,,,,
3odu,IT1t,E,32,N/A,N-term,accessible,acc,,,,,
,IT1t,Y,45,1.39x39,TM1,accessible,acc,,,,,
,IT1t,W,94,2.60x60,TM2,accessible,acc,,,,,
,IT1t,W,94,2.60x60,TM2,hydrophobic,hyd,,,,,
,IT1t,D,97,2.63x63,TM2,polar (charge-assisted hydrogen bond),polar_neg_protein,,,,,
,IT1t,D,97,2.63x63,TM2,accessible,acc,,,,,
,IT1t,A,98,2.64x64,TM2,accessible,acc,,,,,
,IT1t,W,102,23.50x50,ECL1,accessible,acc,,,,,
,IT1t,V,112,3.28x28,TM3,accessible,acc,,,,,
,IT1t,H,113,3.29x29,TM3,accessible,acc,,,,,
,IT1t,Y,116,3.32x32,TM3,accessible,acc,,,,,
,IT1t,Y,116,3.32x32,TM3,hydrophobic,hyd,,,,,
,IT1t,R,183,N/A,ECL2,accessible,acc,,,,,
,IT1t,I,185,N/A,ECL2,accessible,acc,,,,,
,IT1t,C,186,45.50x50,ECL2,accessible,acc,,,,,
,IT1t,C,186,45.50x50,ECL2,polar (hydrogen bond with backbone),polar_backbone,,,,,
,IT1t,C,186,45.50x50,ECL2,polar (hydrogen bond with backbone),polar_backbone,,,,,
,IT1t,D,187,45.51x51,ECL2,accessible,acc,,,,,
,IT1t,R,188,45.52x52,ECL2,accessible,acc,,,,,
,IT1t,Y,255,6.51x51,TM6,accessible,acc,,,,,
,IT1t,E,288,7.39x38,TM7,accessible,acc,,,,,
,IT1t,E,288,7.39x38,TM7,polar (charge-assisted hydrogen bond),polar_neg_protein,,,,,
,IT1t,E,288,7.39x38,TM7,polar (charge-assisted hydrogen bond),polar_neg_protein,,,,,
5t1a,CHEMBL3577945,,V37,1.27x27,TM1,hydrophobic,,,,,,
,CHEMBL3577945,,L45,1.35x35,TM1,hydrophobic,,,,,,
,CHEMBL3577945,,Y49,1.39x39,TM1,polar (hydrogen bond),,,,,,
,CHEMBL3577945,,W98,2.60x60,TM2,hydrophobic,,,,,,
,CHEMBL3577945,,Y120,3.32x32,TM3,hydrophobic,,,,,,
,CHEMBL3577945,,Q288,7.36x35,TM7,polar (hydrogen bond with backbone),,,,,,
,CHEMBL3577945,,T292,7.40x39,TM7,polar (hydrogen bond),,,,,,
,CHEMBL3577945,,M295,7.43x42,TM7,hydrophobic,,,,,,
6gps,MK-0812,V,37,1.27x27,TM1,accessible,acc,,,,,
,MK-0812,K,38,1.28x28,TM1,accessible,acc,,,,,
,MK-0812,I,40,1.30x30,TM1,accessible,acc,,,,,
,MK-0812,G,41,1.31x31,TM1,accessible,acc,,,,,
,MK-0812,A,42,1.32x32,TM1,accessible,acc,,,,,
,MK-0812,L,44,1.34x34,TM1,accessible,acc,,,,,
,MK-0812,L,45,1.35x35,TM1,accessible,acc,,,,,
,MK-0812,L,45,1.35x35,TM1,hydrophobic,hyd,,,,,
,MK-0812,Y,49,1.39x39,TM1,polar (hydrogen bond),polar_donor_protein,,,,,
,MK-0812,Y,49,1.39x39,TM1,accessible,acc,,,,,
,MK-0812,W,98,2.60x60,TM2,hydrophobic,hyd,,,,,
,MK-0812,W,98,2.60x60,TM2,accessible,acc,,,,,
,MK-0812,A,99,2.61x61,TM2,accessible,acc,,,,,
,MK-0812,S,101,2.63x63,TM2,accessible,acc,,,,,
,MK-0812,A,102,2.64x64,TM2,accessible,acc,,,,,
,MK-0812,W,106,23.50x50,ECL1,accessible,acc,,,,,
,MK-0812,C,113,3.25x25,TM3,accessible,acc,,,,,
,MK-0812,T,117,3.29x29,TM3,accessible,acc,,,,,
,MK-0812,Y,120,3.32x32,TM3,accessible,acc,,,,,
,MK-0812,H,121,3.33x33,TM3,accessible,acc,,,,,
,MK-0812,N,175,4.60x61,TM4,accessible,acc,,,,,
,MK-0812,T,179,4.64x65,TM4,accessible,acc,,,,,
,MK-0812,C,190,45.50x50,ECL2,accessible,acc,,,,,
,MK-0812,G,191,45.51x51,ECL2,accessible,acc,,,,,
,MK-0812,P,192,45.52x52,ECL2,accessible,acc,,,,,
,MK-0812,H,202,5.38x39,TM5,accessible,acc,,,,,
,MK-0812,R,206,5.42x43,TM5,accessible,acc,,,,,
,MK-0812,Y,259,6.51x51,TM6,accessible,acc,,,,,
,MK-0812,Q,288,7.36x35,TM7,accessible,acc,,,,,
,MK-0812,V,289,7.37x36,TM7,accessible,acc,,,,,
,MK-0812,E,291,7.39x38,TM7,accessible,acc,,,,,
,MK-0812,E,291,7.39x38,TM7,polar (charge-charge),polar_double_neg_protein,,,,,
,MK-0812,T,292,7.40x39,TM7,accessible,acc,,,,,
,MK-0812,M,295,7.43x42,TM7,accessible,acc,,,,,
6gpx,MK-0812,,L45,1.35x35,TM1,hydrophobic,,,,,,
,MK-0812,,Y49,1.39x39,TM1,polar (hydrogen bond),,,,,,
,MK-0812,,W98,2.60x60,TM2,hydrophobic,,,,,,
,MK-0812,,Y120,3.32x32,TM3,hydrophobic,,,,,,
,MK-0812,,Q339,,,polar (hydrogen bond),,,,,,
,MK-0812,,E342,,,polar (charge-charge),,,,,,
,MK-0812,,M346,,,polar (hydrogen bond),,,,,,