file,aln_gn,ResNum2,protein
1ilp,NA,1,cxcr1
1ilp,NT.30,2,cxcr1
1ilp,NT.31,3,cxcr1
1ilp,NT.32,4,cxcr1
1ilp,NT.33,5,cxcr1
1ilp,NT.34,6,cxcr1
1ilp,NT.35,7,cxcr1
1ilp,NA,8,cxcr1
1ilp,NT.41,9,cxcr1
1ilp,NT.42,10,cxcr1
1ilp,NT.43,11,cxcr1
1ilp,NT.44,12,cxcr1
1ilp,NT.45,13,cxcr1
1ilp,NT.46,14,cxcr1
1ilp,NT.47,15,cxcr1
1ilp,NT.48,16,cxcr1
1ilp,NT.49,17,cxcr1
1ilp,NT.50,18,cxcr1
1ilp,NA,19,cxcr1
2mpm,NT.35,1,ccr3
2mpm,NT.36,2,ccr3
2mpm,NT.37,3,ccr3
2mpm,NT.38,4,ccr3
2mpm,NT.39,5,ccr3
2mpm,NT.40,6,ccr3
2mpm,NT.41,7,ccr3
2mpm,NT.42,8,ccr3
2mpm,NT.43,9,ccr3
2mpm,NT.44,10,ccr3
2mpm,NT.45,11,ccr3
2mpm,NT.46,12,ccr3
2mpm,NT.47,13,ccr3
2mpm,NT.48,14,ccr3
2mpm,NT.49,15,ccr3
2mpm,NT.50,16,ccr3
2n55,NA,1,cxcr4
2n55,NA,2,cxcr4
2n55,NT.24,3,cxcr4
2n55,NT.25,4,cxcr4
2n55,NT.26,5,cxcr4
2n55,NT.27,6,cxcr4
2n55,NT.28,7,cxcr4
2n55,NT.29,8,cxcr4
2n55,NT.30,9,cxcr4
2n55,NT.31,10,cxcr4
2n55,NT.32,11,cxcr4
2n55,NT.33,12,cxcr4
2n55,NT.34,13,cxcr4
2n55,NT.35,14,cxcr4
2n55,NT.36,15,cxcr4
2n55,NT.37,16,cxcr4
2n55,NT.38,17,cxcr4
2n55,NT.39,18,cxcr4
2n55,NT.40,19,cxcr4
2n55,NT.41,20,cxcr4
2n55,NT.42,21,cxcr4
2n55,NT.43,22,cxcr4
2n55,NT.44,23,cxcr4
2n55,NT.45,24,cxcr4
2n55,NT.46,25,cxcr4
2n55,NT.47,26,cxcr4
2n55,NT.48,27,cxcr4
2n55,NT.49,28,cxcr4
2n55,NT.50,29,cxcr4
2n55,1x22,30,cxcr4
2n55,1x23,31,cxcr4
5uiw,NT.47,1,ccr5
5uiw,NT.48,2,ccr5
5uiw,NT.49,3,ccr5
5uiw,NT.50,4,ccr5
5uiw,1x22,5,ccr5
5uiw,1x23,6,ccr5
5uiw,1x24,7,ccr5
2k05,NT.24,1,cxcr4
2k05,NT.25,2,cxcr4
2k05,NT.26,3,cxcr4
2k05,NT.27,4,cxcr4
2k05,NT.28,5,cxcr4
2k05,NT.29,6,cxcr4
2k05,NT.30,7,cxcr4
2k05,NT.31,8,cxcr4
2k05,NT.32,9,cxcr4
2k05,NT.33,10,cxcr4
2k05,NT.34,11,cxcr4
2k05,NT.35,12,cxcr4
2k05,NT.36,13,cxcr4
2k05,NT.37,14,cxcr4
2k05,NT.38,15,cxcr4
2k05,NT.39,16,cxcr4
2k05,NT.40,17,cxcr4
2k05,NT.41,18,cxcr4
2k05,NT.42,19,cxcr4
2k05,NT.43,20,cxcr4
2k05,NT.44,21,cxcr4
2k05,NT.45,22,cxcr4
2k05,NT.46,23,cxcr4
2k05,NT.47,24,cxcr4
2k05,NT.48,25,cxcr4
2k05,NT.49,26,cxcr4
2k05,NT.50,27,cxcr4
2k05,1x22,28,cxcr4
2k05,1x23,29,cxcr4
6fgp,NT.32,1,ccr5
6fgp,NT.33,2,ccr5
6fgp,NT.34,3,ccr5
6fgp,NT.35,4,ccr5
6fgp,NT.36,5,ccr5
6fgp,NT.37,6,ccr5
6fgp,NT.38,7,ccr5
6fgp,NT.39,8,ccr5
6fgp,NT.40,9,ccr5
6fgp,NT.41,10,ccr5
6fgp,NT.42,11,ccr5
6fgp,NT.43,12,ccr5
6fgp,NT.44,13,ccr5
6fgp,NT.45,14,ccr5
6fgp,NT.46,15,ccr5
6fgp,NT.47,16,ccr5
6fgp,NT.48,17,ccr5
6fgp,NT.49,18,ccr5
6fgp,NT.50,19,ccr5
6fgp,1x22,20,ccr5
6fgp,1x23,21,ccr5
6fgp,1x24,22,ccr5
6fgp,1x25,23,ccr5
6fgp,1x26,24,ccr5
6fgp,1x27,25,ccr5
6fgp,1x28,26,ccr5
6wwz,NT.42,27,ccr6
6wwz,NT.43,28,ccr6
6wwz,NT.44,29,ccr6
6wwz,NT.45,30,ccr6
6wwz,NT.46,31,ccr6
6wwz,NT.47,32,ccr6
6wwz,NT.48,33,ccr6
6wwz,NT.49,34,ccr6
6wwz,NT.50,35,ccr6
6wwz,1x22,36,ccr6
6wwz,1x23,37,ccr6
6lfo,NT.38,26,cxcr2
6lfo,NT.39,27,cxcr2
6lfo,NT.40,28,cxcr2
6lfo,NT.41,29,cxcr2
6lfo,NT.42,30,cxcr2
6lfo,NT.43,31,cxcr2
6lfo,NT.44,32,cxcr2
6lfo,NT.45,33,cxcr2
6lfo,NT.46,34,cxcr2
6lfo,NT.47,35,cxcr2
6lfo,NT.48,36,cxcr2
6lfo,NT.49,37,cxcr2
6lfo,NT.50,38,cxcr2
6lfo,1x22,39,cxcr2
6lfo,1x23,40,cxcr2